{
  "$schema": "http://json.schemastore.org/sarif-1.0.0",
  "version": "1.0.0",
  "runs": [
    {
      "tool": {
        "name": "Microsoft (R) Visual C# Compiler",
        "version": "3.8.0.0",
        "fileVersion": "3.8.0-4.20475.8 (dd7319ea)",
        "semanticVersion": "3.8.0",
        "language": "en-US"
      },
      "results": [
        {
          "ruleId": "S3963",
          "level": "warning",
          "message": "Initialize all 'static fields' inline and remove the 'static constructor'.",
          "locations": [
            {
              "resultFile": {
                "uri": "file:///C:/agent_dotnetteam/_work/1/s/src/SonarScanner.MSBuild/ArgumentProcessor.cs",
                "region": {
                  "startLine": 52,
                  "startColumn": 9,
                  "endLine": 70,
                  "endColumn": 10
                }
              }
            }
          ],
          "properties": {
            "warningLevel": 1
          }
        },
        {
          "ruleId": "S108",
          "level": "warning",
          "message": "Either remove or fill this block of code.",
          "locations": [
            {
              "resultFile": {
                "uri": "file:///C:/agent_dotnetteam/_work/1/s/src/SonarScanner.MSBuild/Program.cs",
                "region": {
                  "startLine": 85,
                  "startColumn": 13,
                  "endLine": 89,
                  "endColumn": 14
                }
              }
            }
          ],
          "properties": {
            "warningLevel": 1
          }
        }
      ],
      "rules": {
        "S108": {
          "id": "S108",
          "shortDescription": "Nested blocks of code should not be left empty",
          "fullDescription": "Most of the time a block of code is empty when a piece of code is really missing. So such empty block must be either filled or removed.",
          "defaultLevel": "warning",
          "helpUri": "https://rules.sonarsource.com/csharp/RSPEC-108",
          "properties": {
            "category": "Major Code Smell",
            "isEnabledByDefault": true,
            "tags": [
              "C#",
              "SonarWay",
              "MainSourceScope",
              "TestSourceScope"
            ]
          }
        },
        "S3963": {
          "id": "S3963",
          "shortDescription": "\"static\" fields should be initialized inline",
          "fullDescription": "When a static constructor serves no other purpose that initializing static fields, it comes with an unnecessary performance cost because the compiler generates a check before each static method or instance constructor invocation.",
          "defaultLevel": "warning",
          "helpUri": "https://rules.sonarsource.com/csharp/RSPEC-3963",
          "properties": {
            "category": "Minor Code Smell",
            "isEnabledByDefault": true,
            "tags": [
              "C#",
              "SonarWay",
              "MainSourceScope",
              "TestSourceScope"
            ]
          }
        }
      }
    }
  ]
}